figure,scheme,x_value,x_unit,latency_ms,basis,notes
delegation_latency,SCAPE-ZK,1,MB,0.6134,measured_pre_csv,"Hybrid PRE transforms only CT_k, so latency is payload-size independent; constant uses latest measured re_encrypt mean."
delegation_latency,SCAPE-ZK,2,MB,0.6134,measured_pre_csv,"Hybrid PRE transforms only CT_k, so latency is payload-size independent; constant uses latest measured re_encrypt mean."
delegation_latency,SCAPE-ZK,3,MB,0.6134,measured_pre_csv,"Hybrid PRE transforms only CT_k, so latency is payload-size independent; constant uses latest measured re_encrypt mean."
delegation_latency,SCAPE-ZK,4,MB,0.6134,measured_pre_csv,"Hybrid PRE transforms only CT_k, so latency is payload-size independent; constant uses latest measured re_encrypt mean."
delegation_latency,SCAPE-ZK,5,MB,0.6134,measured_pre_csv,"Hybrid PRE transforms only CT_k, so latency is payload-size independent; constant uses latest measured re_encrypt mean."
delegation_latency,SCAPE-ZK,6,MB,0.6134,measured_pre_csv,"Hybrid PRE transforms only CT_k, so latency is payload-size independent; constant uses latest measured re_encrypt mean."
delegation_latency,SCAPE-ZK,7,MB,0.6134,measured_pre_csv,"Hybrid PRE transforms only CT_k, so latency is payload-size independent; constant uses latest measured re_encrypt mean."
delegation_latency,SCAPE-ZK,8,MB,0.6134,measured_pre_csv,"Hybrid PRE transforms only CT_k, so latency is payload-size independent; constant uses latest measured re_encrypt mean."
delegation_latency,SCAPE-ZK,9,MB,0.6134,measured_pre_csv,"Hybrid PRE transforms only CT_k, so latency is payload-size independent; constant uses latest measured re_encrypt mean."
delegation_latency,SCAPE-ZK,10,MB,0.6134,measured_pre_csv,"Hybrid PRE transforms only CT_k, so latency is payload-size independent; constant uses latest measured re_encrypt mean."
delegation_latency,SCAPE-ZK,11,MB,0.6134,measured_pre_csv,"Hybrid PRE transforms only CT_k, so latency is payload-size independent; constant uses latest measured re_encrypt mean."
delegation_latency,SCAPE-ZK,12,MB,0.6134,measured_pre_csv,"Hybrid PRE transforms only CT_k, so latency is payload-size independent; constant uses latest measured re_encrypt mean."
delegation_latency,SCAPE-ZK,13,MB,0.6134,measured_pre_csv,"Hybrid PRE transforms only CT_k, so latency is payload-size independent; constant uses latest measured re_encrypt mean."
delegation_latency,SCAPE-ZK,14,MB,0.6134,measured_pre_csv,"Hybrid PRE transforms only CT_k, so latency is payload-size independent; constant uses latest measured re_encrypt mean."
delegation_latency,SCAPE-ZK,15,MB,0.6134,measured_pre_csv,"Hybrid PRE transforms only CT_k, so latency is payload-size independent; constant uses latest measured re_encrypt mean."
delegation_latency,SCAPE-ZK,16,MB,0.6134,measured_pre_csv,"Hybrid PRE transforms only CT_k, so latency is payload-size independent; constant uses latest measured re_encrypt mean."
delegation_latency,SCAPE-ZK,17,MB,0.6134,measured_pre_csv,"Hybrid PRE transforms only CT_k, so latency is payload-size independent; constant uses latest measured re_encrypt mean."
delegation_latency,SCAPE-ZK,18,MB,0.6134,measured_pre_csv,"Hybrid PRE transforms only CT_k, so latency is payload-size independent; constant uses latest measured re_encrypt mean."
delegation_latency,SCAPE-ZK,19,MB,0.6134,measured_pre_csv,"Hybrid PRE transforms only CT_k, so latency is payload-size independent; constant uses latest measured re_encrypt mean."
delegation_latency,SCAPE-ZK,20,MB,0.6134,measured_pre_csv,"Hybrid PRE transforms only CT_k, so latency is payload-size independent; constant uses latest measured re_encrypt mean."
delegation_latency,SCAPE-ZK,21,MB,0.6134,measured_pre_csv,"Hybrid PRE transforms only CT_k, so latency is payload-size independent; constant uses latest measured re_encrypt mean."
delegation_latency,SCAPE-ZK,22,MB,0.6134,measured_pre_csv,"Hybrid PRE transforms only CT_k, so latency is payload-size independent; constant uses latest measured re_encrypt mean."
delegation_latency,SCAPE-ZK,23,MB,0.6134,measured_pre_csv,"Hybrid PRE transforms only CT_k, so latency is payload-size independent; constant uses latest measured re_encrypt mean."
delegation_latency,SCAPE-ZK,24,MB,0.6134,measured_pre_csv,"Hybrid PRE transforms only CT_k, so latency is payload-size independent; constant uses latest measured re_encrypt mean."
delegation_latency,SCAPE-ZK,25,MB,0.6134,measured_pre_csv,"Hybrid PRE transforms only CT_k, so latency is payload-size independent; constant uses latest measured re_encrypt mean."
delegation_latency,SCAPE-ZK,26,MB,0.6134,measured_pre_csv,"Hybrid PRE transforms only CT_k, so latency is payload-size independent; constant uses latest measured re_encrypt mean."
delegation_latency,SCAPE-ZK,27,MB,0.6134,measured_pre_csv,"Hybrid PRE transforms only CT_k, so latency is payload-size independent; constant uses latest measured re_encrypt mean."
delegation_latency,SCAPE-ZK,28,MB,0.6134,measured_pre_csv,"Hybrid PRE transforms only CT_k, so latency is payload-size independent; constant uses latest measured re_encrypt mean."
delegation_latency,SCAPE-ZK,29,MB,0.6134,measured_pre_csv,"Hybrid PRE transforms only CT_k, so latency is payload-size independent; constant uses latest measured re_encrypt mean."
delegation_latency,SCAPE-ZK,30,MB,0.6134,measured_pre_csv,"Hybrid PRE transforms only CT_k, so latency is payload-size independent; constant uses latest measured re_encrypt mean."
delegation_latency,SCAPE-ZK,31,MB,0.6134,measured_pre_csv,"Hybrid PRE transforms only CT_k, so latency is payload-size independent; constant uses latest measured re_encrypt mean."
delegation_latency,SCAPE-ZK,32,MB,0.6134,measured_pre_csv,"Hybrid PRE transforms only CT_k, so latency is payload-size independent; constant uses latest measured re_encrypt mean."
delegation_latency,SCAPE-ZK,33,MB,0.6134,measured_pre_csv,"Hybrid PRE transforms only CT_k, so latency is payload-size independent; constant uses latest measured re_encrypt mean."
delegation_latency,SCAPE-ZK,34,MB,0.6134,measured_pre_csv,"Hybrid PRE transforms only CT_k, so latency is payload-size independent; constant uses latest measured re_encrypt mean."
delegation_latency,SCAPE-ZK,35,MB,0.6134,measured_pre_csv,"Hybrid PRE transforms only CT_k, so latency is payload-size independent; constant uses latest measured re_encrypt mean."
delegation_latency,SCAPE-ZK,36,MB,0.6134,measured_pre_csv,"Hybrid PRE transforms only CT_k, so latency is payload-size independent; constant uses latest measured re_encrypt mean."
delegation_latency,SCAPE-ZK,37,MB,0.6134,measured_pre_csv,"Hybrid PRE transforms only CT_k, so latency is payload-size independent; constant uses latest measured re_encrypt mean."
delegation_latency,SCAPE-ZK,38,MB,0.6134,measured_pre_csv,"Hybrid PRE transforms only CT_k, so latency is payload-size independent; constant uses latest measured re_encrypt mean."
delegation_latency,SCAPE-ZK,39,MB,0.6134,measured_pre_csv,"Hybrid PRE transforms only CT_k, so latency is payload-size independent; constant uses latest measured re_encrypt mean."
delegation_latency,SCAPE-ZK,40,MB,0.6134,measured_pre_csv,"Hybrid PRE transforms only CT_k, so latency is payload-size independent; constant uses latest measured re_encrypt mean."
delegation_latency,SCAPE-ZK,41,MB,0.6134,measured_pre_csv,"Hybrid PRE transforms only CT_k, so latency is payload-size independent; constant uses latest measured re_encrypt mean."
delegation_latency,SCAPE-ZK,42,MB,0.6134,measured_pre_csv,"Hybrid PRE transforms only CT_k, so latency is payload-size independent; constant uses latest measured re_encrypt mean."
delegation_latency,SCAPE-ZK,43,MB,0.6134,measured_pre_csv,"Hybrid PRE transforms only CT_k, so latency is payload-size independent; constant uses latest measured re_encrypt mean."
delegation_latency,SCAPE-ZK,44,MB,0.6134,measured_pre_csv,"Hybrid PRE transforms only CT_k, so latency is payload-size independent; constant uses latest measured re_encrypt mean."
delegation_latency,SCAPE-ZK,45,MB,0.6134,measured_pre_csv,"Hybrid PRE transforms only CT_k, so latency is payload-size independent; constant uses latest measured re_encrypt mean."
delegation_latency,SCAPE-ZK,46,MB,0.6134,measured_pre_csv,"Hybrid PRE transforms only CT_k, so latency is payload-size independent; constant uses latest measured re_encrypt mean."
delegation_latency,SCAPE-ZK,47,MB,0.6134,measured_pre_csv,"Hybrid PRE transforms only CT_k, so latency is payload-size independent; constant uses latest measured re_encrypt mean."
delegation_latency,SCAPE-ZK,48,MB,0.6134,measured_pre_csv,"Hybrid PRE transforms only CT_k, so latency is payload-size independent; constant uses latest measured re_encrypt mean."
delegation_latency,SCAPE-ZK,49,MB,0.6134,measured_pre_csv,"Hybrid PRE transforms only CT_k, so latency is payload-size independent; constant uses latest measured re_encrypt mean."
delegation_latency,SCAPE-ZK,50,MB,0.6134,measured_pre_csv,"Hybrid PRE transforms only CT_k, so latency is payload-size independent; constant uses latest measured re_encrypt mean."
delegation_latency,SCAPE-ZK,51,MB,0.6134,measured_pre_csv,"Hybrid PRE transforms only CT_k, so latency is payload-size independent; constant uses latest measured re_encrypt mean."
delegation_latency,SCAPE-ZK,52,MB,0.6134,measured_pre_csv,"Hybrid PRE transforms only CT_k, so latency is payload-size independent; constant uses latest measured re_encrypt mean."
delegation_latency,SCAPE-ZK,53,MB,0.6134,measured_pre_csv,"Hybrid PRE transforms only CT_k, so latency is payload-size independent; constant uses latest measured re_encrypt mean."
delegation_latency,SCAPE-ZK,54,MB,0.6134,measured_pre_csv,"Hybrid PRE transforms only CT_k, so latency is payload-size independent; constant uses latest measured re_encrypt mean."
delegation_latency,SCAPE-ZK,55,MB,0.6134,measured_pre_csv,"Hybrid PRE transforms only CT_k, so latency is payload-size independent; constant uses latest measured re_encrypt mean."
delegation_latency,SCAPE-ZK,56,MB,0.6134,measured_pre_csv,"Hybrid PRE transforms only CT_k, so latency is payload-size independent; constant uses latest measured re_encrypt mean."
delegation_latency,SCAPE-ZK,57,MB,0.6134,measured_pre_csv,"Hybrid PRE transforms only CT_k, so latency is payload-size independent; constant uses latest measured re_encrypt mean."
delegation_latency,SCAPE-ZK,58,MB,0.6134,measured_pre_csv,"Hybrid PRE transforms only CT_k, so latency is payload-size independent; constant uses latest measured re_encrypt mean."
delegation_latency,SCAPE-ZK,59,MB,0.6134,measured_pre_csv,"Hybrid PRE transforms only CT_k, so latency is payload-size independent; constant uses latest measured re_encrypt mean."
delegation_latency,SCAPE-ZK,60,MB,0.6134,measured_pre_csv,"Hybrid PRE transforms only CT_k, so latency is payload-size independent; constant uses latest measured re_encrypt mean."
delegation_latency,SCAPE-ZK,61,MB,0.6134,measured_pre_csv,"Hybrid PRE transforms only CT_k, so latency is payload-size independent; constant uses latest measured re_encrypt mean."
delegation_latency,SCAPE-ZK,62,MB,0.6134,measured_pre_csv,"Hybrid PRE transforms only CT_k, so latency is payload-size independent; constant uses latest measured re_encrypt mean."
delegation_latency,SCAPE-ZK,63,MB,0.6134,measured_pre_csv,"Hybrid PRE transforms only CT_k, so latency is payload-size independent; constant uses latest measured re_encrypt mean."
delegation_latency,SCAPE-ZK,64,MB,0.6134,measured_pre_csv,"Hybrid PRE transforms only CT_k, so latency is payload-size independent; constant uses latest measured re_encrypt mean."
delegation_latency,SCAPE-ZK,65,MB,0.6134,measured_pre_csv,"Hybrid PRE transforms only CT_k, so latency is payload-size independent; constant uses latest measured re_encrypt mean."
delegation_latency,SCAPE-ZK,66,MB,0.6134,measured_pre_csv,"Hybrid PRE transforms only CT_k, so latency is payload-size independent; constant uses latest measured re_encrypt mean."
delegation_latency,SCAPE-ZK,67,MB,0.6134,measured_pre_csv,"Hybrid PRE transforms only CT_k, so latency is payload-size independent; constant uses latest measured re_encrypt mean."
delegation_latency,SCAPE-ZK,68,MB,0.6134,measured_pre_csv,"Hybrid PRE transforms only CT_k, so latency is payload-size independent; constant uses latest measured re_encrypt mean."
delegation_latency,SCAPE-ZK,69,MB,0.6134,measured_pre_csv,"Hybrid PRE transforms only CT_k, so latency is payload-size independent; constant uses latest measured re_encrypt mean."
delegation_latency,SCAPE-ZK,70,MB,0.6134,measured_pre_csv,"Hybrid PRE transforms only CT_k, so latency is payload-size independent; constant uses latest measured re_encrypt mean."
delegation_latency,SCAPE-ZK,71,MB,0.6134,measured_pre_csv,"Hybrid PRE transforms only CT_k, so latency is payload-size independent; constant uses latest measured re_encrypt mean."
delegation_latency,SCAPE-ZK,72,MB,0.6134,measured_pre_csv,"Hybrid PRE transforms only CT_k, so latency is payload-size independent; constant uses latest measured re_encrypt mean."
delegation_latency,SCAPE-ZK,73,MB,0.6134,measured_pre_csv,"Hybrid PRE transforms only CT_k, so latency is payload-size independent; constant uses latest measured re_encrypt mean."
delegation_latency,SCAPE-ZK,74,MB,0.6134,measured_pre_csv,"Hybrid PRE transforms only CT_k, so latency is payload-size independent; constant uses latest measured re_encrypt mean."
delegation_latency,SCAPE-ZK,75,MB,0.6134,measured_pre_csv,"Hybrid PRE transforms only CT_k, so latency is payload-size independent; constant uses latest measured re_encrypt mean."
delegation_latency,SCAPE-ZK,76,MB,0.6134,measured_pre_csv,"Hybrid PRE transforms only CT_k, so latency is payload-size independent; constant uses latest measured re_encrypt mean."
delegation_latency,SCAPE-ZK,77,MB,0.6134,measured_pre_csv,"Hybrid PRE transforms only CT_k, so latency is payload-size independent; constant uses latest measured re_encrypt mean."
delegation_latency,SCAPE-ZK,78,MB,0.6134,measured_pre_csv,"Hybrid PRE transforms only CT_k, so latency is payload-size independent; constant uses latest measured re_encrypt mean."
delegation_latency,SCAPE-ZK,79,MB,0.6134,measured_pre_csv,"Hybrid PRE transforms only CT_k, so latency is payload-size independent; constant uses latest measured re_encrypt mean."
delegation_latency,SCAPE-ZK,80,MB,0.6134,measured_pre_csv,"Hybrid PRE transforms only CT_k, so latency is payload-size independent; constant uses latest measured re_encrypt mean."
delegation_latency,SCAPE-ZK,81,MB,0.6134,measured_pre_csv,"Hybrid PRE transforms only CT_k, so latency is payload-size independent; constant uses latest measured re_encrypt mean."
delegation_latency,SCAPE-ZK,82,MB,0.6134,measured_pre_csv,"Hybrid PRE transforms only CT_k, so latency is payload-size independent; constant uses latest measured re_encrypt mean."
delegation_latency,SCAPE-ZK,83,MB,0.6134,measured_pre_csv,"Hybrid PRE transforms only CT_k, so latency is payload-size independent; constant uses latest measured re_encrypt mean."
delegation_latency,SCAPE-ZK,84,MB,0.6134,measured_pre_csv,"Hybrid PRE transforms only CT_k, so latency is payload-size independent; constant uses latest measured re_encrypt mean."
delegation_latency,SCAPE-ZK,85,MB,0.6134,measured_pre_csv,"Hybrid PRE transforms only CT_k, so latency is payload-size independent; constant uses latest measured re_encrypt mean."
delegation_latency,SCAPE-ZK,86,MB,0.6134,measured_pre_csv,"Hybrid PRE transforms only CT_k, so latency is payload-size independent; constant uses latest measured re_encrypt mean."
delegation_latency,SCAPE-ZK,87,MB,0.6134,measured_pre_csv,"Hybrid PRE transforms only CT_k, so latency is payload-size independent; constant uses latest measured re_encrypt mean."
delegation_latency,SCAPE-ZK,88,MB,0.6134,measured_pre_csv,"Hybrid PRE transforms only CT_k, so latency is payload-size independent; constant uses latest measured re_encrypt mean."
delegation_latency,SCAPE-ZK,89,MB,0.6134,measured_pre_csv,"Hybrid PRE transforms only CT_k, so latency is payload-size independent; constant uses latest measured re_encrypt mean."
delegation_latency,SCAPE-ZK,90,MB,0.6134,measured_pre_csv,"Hybrid PRE transforms only CT_k, so latency is payload-size independent; constant uses latest measured re_encrypt mean."
delegation_latency,SCAPE-ZK,91,MB,0.6134,measured_pre_csv,"Hybrid PRE transforms only CT_k, so latency is payload-size independent; constant uses latest measured re_encrypt mean."
delegation_latency,SCAPE-ZK,92,MB,0.6134,measured_pre_csv,"Hybrid PRE transforms only CT_k, so latency is payload-size independent; constant uses latest measured re_encrypt mean."
delegation_latency,SCAPE-ZK,93,MB,0.6134,measured_pre_csv,"Hybrid PRE transforms only CT_k, so latency is payload-size independent; constant uses latest measured re_encrypt mean."
delegation_latency,SCAPE-ZK,94,MB,0.6134,measured_pre_csv,"Hybrid PRE transforms only CT_k, so latency is payload-size independent; constant uses latest measured re_encrypt mean."
delegation_latency,SCAPE-ZK,95,MB,0.6134,measured_pre_csv,"Hybrid PRE transforms only CT_k, so latency is payload-size independent; constant uses latest measured re_encrypt mean."
delegation_latency,SCAPE-ZK,96,MB,0.6134,measured_pre_csv,"Hybrid PRE transforms only CT_k, so latency is payload-size independent; constant uses latest measured re_encrypt mean."
delegation_latency,SCAPE-ZK,97,MB,0.6134,measured_pre_csv,"Hybrid PRE transforms only CT_k, so latency is payload-size independent; constant uses latest measured re_encrypt mean."
delegation_latency,SCAPE-ZK,98,MB,0.6134,measured_pre_csv,"Hybrid PRE transforms only CT_k, so latency is payload-size independent; constant uses latest measured re_encrypt mean."
delegation_latency,SCAPE-ZK,99,MB,0.6134,measured_pre_csv,"Hybrid PRE transforms only CT_k, so latency is payload-size independent; constant uses latest measured re_encrypt mean."
delegation_latency,SCAPE-ZK,100,MB,0.6134,measured_pre_csv,"Hybrid PRE transforms only CT_k, so latency is payload-size independent; constant uses latest measured re_encrypt mean."
delegation_latency,SCAPE-ZK,101,MB,0.6134,measured_pre_csv,"Hybrid PRE transforms only CT_k, so latency is payload-size independent; constant uses latest measured re_encrypt mean."
delegation_latency,SCAPE-ZK,102,MB,0.6134,measured_pre_csv,"Hybrid PRE transforms only CT_k, so latency is payload-size independent; constant uses latest measured re_encrypt mean."
delegation_latency,SCAPE-ZK,103,MB,0.6134,measured_pre_csv,"Hybrid PRE transforms only CT_k, so latency is payload-size independent; constant uses latest measured re_encrypt mean."
delegation_latency,SCAPE-ZK,104,MB,0.6134,measured_pre_csv,"Hybrid PRE transforms only CT_k, so latency is payload-size independent; constant uses latest measured re_encrypt mean."
delegation_latency,SCAPE-ZK,105,MB,0.6134,measured_pre_csv,"Hybrid PRE transforms only CT_k, so latency is payload-size independent; constant uses latest measured re_encrypt mean."
delegation_latency,SCAPE-ZK,106,MB,0.6134,measured_pre_csv,"Hybrid PRE transforms only CT_k, so latency is payload-size independent; constant uses latest measured re_encrypt mean."
delegation_latency,SCAPE-ZK,107,MB,0.6134,measured_pre_csv,"Hybrid PRE transforms only CT_k, so latency is payload-size independent; constant uses latest measured re_encrypt mean."
delegation_latency,SCAPE-ZK,108,MB,0.6134,measured_pre_csv,"Hybrid PRE transforms only CT_k, so latency is payload-size independent; constant uses latest measured re_encrypt mean."
delegation_latency,SCAPE-ZK,109,MB,0.6134,measured_pre_csv,"Hybrid PRE transforms only CT_k, so latency is payload-size independent; constant uses latest measured re_encrypt mean."
delegation_latency,SCAPE-ZK,110,MB,0.6134,measured_pre_csv,"Hybrid PRE transforms only CT_k, so latency is payload-size independent; constant uses latest measured re_encrypt mean."
delegation_latency,SCAPE-ZK,111,MB,0.6134,measured_pre_csv,"Hybrid PRE transforms only CT_k, so latency is payload-size independent; constant uses latest measured re_encrypt mean."
delegation_latency,SCAPE-ZK,112,MB,0.6134,measured_pre_csv,"Hybrid PRE transforms only CT_k, so latency is payload-size independent; constant uses latest measured re_encrypt mean."
delegation_latency,SCAPE-ZK,113,MB,0.6134,measured_pre_csv,"Hybrid PRE transforms only CT_k, so latency is payload-size independent; constant uses latest measured re_encrypt mean."
delegation_latency,SCAPE-ZK,114,MB,0.6134,measured_pre_csv,"Hybrid PRE transforms only CT_k, so latency is payload-size independent; constant uses latest measured re_encrypt mean."
delegation_latency,SCAPE-ZK,115,MB,0.6134,measured_pre_csv,"Hybrid PRE transforms only CT_k, so latency is payload-size independent; constant uses latest measured re_encrypt mean."
delegation_latency,SCAPE-ZK,116,MB,0.6134,measured_pre_csv,"Hybrid PRE transforms only CT_k, so latency is payload-size independent; constant uses latest measured re_encrypt mean."
delegation_latency,SCAPE-ZK,117,MB,0.6134,measured_pre_csv,"Hybrid PRE transforms only CT_k, so latency is payload-size independent; constant uses latest measured re_encrypt mean."
delegation_latency,SCAPE-ZK,118,MB,0.6134,measured_pre_csv,"Hybrid PRE transforms only CT_k, so latency is payload-size independent; constant uses latest measured re_encrypt mean."
delegation_latency,SCAPE-ZK,119,MB,0.6134,measured_pre_csv,"Hybrid PRE transforms only CT_k, so latency is payload-size independent; constant uses latest measured re_encrypt mean."
delegation_latency,SCAPE-ZK,120,MB,0.6134,measured_pre_csv,"Hybrid PRE transforms only CT_k, so latency is payload-size independent; constant uses latest measured re_encrypt mean."
delegation_latency,SCAPE-ZK,121,MB,0.6134,measured_pre_csv,"Hybrid PRE transforms only CT_k, so latency is payload-size independent; constant uses latest measured re_encrypt mean."
delegation_latency,SCAPE-ZK,122,MB,0.6134,measured_pre_csv,"Hybrid PRE transforms only CT_k, so latency is payload-size independent; constant uses latest measured re_encrypt mean."
delegation_latency,SCAPE-ZK,123,MB,0.6134,measured_pre_csv,"Hybrid PRE transforms only CT_k, so latency is payload-size independent; constant uses latest measured re_encrypt mean."
delegation_latency,SCAPE-ZK,124,MB,0.6134,measured_pre_csv,"Hybrid PRE transforms only CT_k, so latency is payload-size independent; constant uses latest measured re_encrypt mean."
delegation_latency,SCAPE-ZK,125,MB,0.6134,measured_pre_csv,"Hybrid PRE transforms only CT_k, so latency is payload-size independent; constant uses latest measured re_encrypt mean."
delegation_latency,SCAPE-ZK,126,MB,0.6134,measured_pre_csv,"Hybrid PRE transforms only CT_k, so latency is payload-size independent; constant uses latest measured re_encrypt mean."
delegation_latency,SCAPE-ZK,127,MB,0.6134,measured_pre_csv,"Hybrid PRE transforms only CT_k, so latency is payload-size independent; constant uses latest measured re_encrypt mean."
delegation_latency,SCAPE-ZK,128,MB,0.6134,measured_pre_csv,"Hybrid PRE transforms only CT_k, so latency is payload-size independent; constant uses latest measured re_encrypt mean."
delegation_latency,SCAPE-ZK,129,MB,0.6134,measured_pre_csv,"Hybrid PRE transforms only CT_k, so latency is payload-size independent; constant uses latest measured re_encrypt mean."
delegation_latency,SCAPE-ZK,130,MB,0.6134,measured_pre_csv,"Hybrid PRE transforms only CT_k, so latency is payload-size independent; constant uses latest measured re_encrypt mean."
delegation_latency,SCAPE-ZK,131,MB,0.6134,measured_pre_csv,"Hybrid PRE transforms only CT_k, so latency is payload-size independent; constant uses latest measured re_encrypt mean."
delegation_latency,SCAPE-ZK,132,MB,0.6134,measured_pre_csv,"Hybrid PRE transforms only CT_k, so latency is payload-size independent; constant uses latest measured re_encrypt mean."
delegation_latency,SCAPE-ZK,133,MB,0.6134,measured_pre_csv,"Hybrid PRE transforms only CT_k, so latency is payload-size independent; constant uses latest measured re_encrypt mean."
delegation_latency,SCAPE-ZK,134,MB,0.6134,measured_pre_csv,"Hybrid PRE transforms only CT_k, so latency is payload-size independent; constant uses latest measured re_encrypt mean."
delegation_latency,SCAPE-ZK,135,MB,0.6134,measured_pre_csv,"Hybrid PRE transforms only CT_k, so latency is payload-size independent; constant uses latest measured re_encrypt mean."
delegation_latency,SCAPE-ZK,136,MB,0.6134,measured_pre_csv,"Hybrid PRE transforms only CT_k, so latency is payload-size independent; constant uses latest measured re_encrypt mean."
delegation_latency,SCAPE-ZK,137,MB,0.6134,measured_pre_csv,"Hybrid PRE transforms only CT_k, so latency is payload-size independent; constant uses latest measured re_encrypt mean."
delegation_latency,SCAPE-ZK,138,MB,0.6134,measured_pre_csv,"Hybrid PRE transforms only CT_k, so latency is payload-size independent; constant uses latest measured re_encrypt mean."
delegation_latency,SCAPE-ZK,139,MB,0.6134,measured_pre_csv,"Hybrid PRE transforms only CT_k, so latency is payload-size independent; constant uses latest measured re_encrypt mean."
delegation_latency,SCAPE-ZK,140,MB,0.6134,measured_pre_csv,"Hybrid PRE transforms only CT_k, so latency is payload-size independent; constant uses latest measured re_encrypt mean."
delegation_latency,SCAPE-ZK,141,MB,0.6134,measured_pre_csv,"Hybrid PRE transforms only CT_k, so latency is payload-size independent; constant uses latest measured re_encrypt mean."
delegation_latency,SCAPE-ZK,142,MB,0.6134,measured_pre_csv,"Hybrid PRE transforms only CT_k, so latency is payload-size independent; constant uses latest measured re_encrypt mean."
delegation_latency,SCAPE-ZK,143,MB,0.6134,measured_pre_csv,"Hybrid PRE transforms only CT_k, so latency is payload-size independent; constant uses latest measured re_encrypt mean."
delegation_latency,SCAPE-ZK,144,MB,0.6134,measured_pre_csv,"Hybrid PRE transforms only CT_k, so latency is payload-size independent; constant uses latest measured re_encrypt mean."
delegation_latency,SCAPE-ZK,145,MB,0.6134,measured_pre_csv,"Hybrid PRE transforms only CT_k, so latency is payload-size independent; constant uses latest measured re_encrypt mean."
delegation_latency,SCAPE-ZK,146,MB,0.6134,measured_pre_csv,"Hybrid PRE transforms only CT_k, so latency is payload-size independent; constant uses latest measured re_encrypt mean."
delegation_latency,SCAPE-ZK,147,MB,0.6134,measured_pre_csv,"Hybrid PRE transforms only CT_k, so latency is payload-size independent; constant uses latest measured re_encrypt mean."
delegation_latency,SCAPE-ZK,148,MB,0.6134,measured_pre_csv,"Hybrid PRE transforms only CT_k, so latency is payload-size independent; constant uses latest measured re_encrypt mean."
delegation_latency,SCAPE-ZK,149,MB,0.6134,measured_pre_csv,"Hybrid PRE transforms only CT_k, so latency is payload-size independent; constant uses latest measured re_encrypt mean."
delegation_latency,SCAPE-ZK,150,MB,0.6134,measured_pre_csv,"Hybrid PRE transforms only CT_k, so latency is payload-size independent; constant uses latest measured re_encrypt mean."
delegation_latency,SCAPE-ZK,151,MB,0.6134,measured_pre_csv,"Hybrid PRE transforms only CT_k, so latency is payload-size independent; constant uses latest measured re_encrypt mean."
delegation_latency,SCAPE-ZK,152,MB,0.6134,measured_pre_csv,"Hybrid PRE transforms only CT_k, so latency is payload-size independent; constant uses latest measured re_encrypt mean."
delegation_latency,SCAPE-ZK,153,MB,0.6134,measured_pre_csv,"Hybrid PRE transforms only CT_k, so latency is payload-size independent; constant uses latest measured re_encrypt mean."
delegation_latency,SCAPE-ZK,154,MB,0.6134,measured_pre_csv,"Hybrid PRE transforms only CT_k, so latency is payload-size independent; constant uses latest measured re_encrypt mean."
delegation_latency,SCAPE-ZK,155,MB,0.6134,measured_pre_csv,"Hybrid PRE transforms only CT_k, so latency is payload-size independent; constant uses latest measured re_encrypt mean."
delegation_latency,SCAPE-ZK,156,MB,0.6134,measured_pre_csv,"Hybrid PRE transforms only CT_k, so latency is payload-size independent; constant uses latest measured re_encrypt mean."
delegation_latency,SCAPE-ZK,157,MB,0.6134,measured_pre_csv,"Hybrid PRE transforms only CT_k, so latency is payload-size independent; constant uses latest measured re_encrypt mean."
delegation_latency,SCAPE-ZK,158,MB,0.6134,measured_pre_csv,"Hybrid PRE transforms only CT_k, so latency is payload-size independent; constant uses latest measured re_encrypt mean."
delegation_latency,SCAPE-ZK,159,MB,0.6134,measured_pre_csv,"Hybrid PRE transforms only CT_k, so latency is payload-size independent; constant uses latest measured re_encrypt mean."
delegation_latency,SCAPE-ZK,160,MB,0.6134,measured_pre_csv,"Hybrid PRE transforms only CT_k, so latency is payload-size independent; constant uses latest measured re_encrypt mean."
delegation_latency,SCAPE-ZK,161,MB,0.6134,measured_pre_csv,"Hybrid PRE transforms only CT_k, so latency is payload-size independent; constant uses latest measured re_encrypt mean."
delegation_latency,SCAPE-ZK,162,MB,0.6134,measured_pre_csv,"Hybrid PRE transforms only CT_k, so latency is payload-size independent; constant uses latest measured re_encrypt mean."
delegation_latency,SCAPE-ZK,163,MB,0.6134,measured_pre_csv,"Hybrid PRE transforms only CT_k, so latency is payload-size independent; constant uses latest measured re_encrypt mean."
delegation_latency,SCAPE-ZK,164,MB,0.6134,measured_pre_csv,"Hybrid PRE transforms only CT_k, so latency is payload-size independent; constant uses latest measured re_encrypt mean."
delegation_latency,SCAPE-ZK,165,MB,0.6134,measured_pre_csv,"Hybrid PRE transforms only CT_k, so latency is payload-size independent; constant uses latest measured re_encrypt mean."
delegation_latency,SCAPE-ZK,166,MB,0.6134,measured_pre_csv,"Hybrid PRE transforms only CT_k, so latency is payload-size independent; constant uses latest measured re_encrypt mean."
delegation_latency,SCAPE-ZK,167,MB,0.6134,measured_pre_csv,"Hybrid PRE transforms only CT_k, so latency is payload-size independent; constant uses latest measured re_encrypt mean."
delegation_latency,SCAPE-ZK,168,MB,0.6134,measured_pre_csv,"Hybrid PRE transforms only CT_k, so latency is payload-size independent; constant uses latest measured re_encrypt mean."
delegation_latency,SCAPE-ZK,169,MB,0.6134,measured_pre_csv,"Hybrid PRE transforms only CT_k, so latency is payload-size independent; constant uses latest measured re_encrypt mean."
delegation_latency,SCAPE-ZK,170,MB,0.6134,measured_pre_csv,"Hybrid PRE transforms only CT_k, so latency is payload-size independent; constant uses latest measured re_encrypt mean."
delegation_latency,SCAPE-ZK,171,MB,0.6134,measured_pre_csv,"Hybrid PRE transforms only CT_k, so latency is payload-size independent; constant uses latest measured re_encrypt mean."
delegation_latency,SCAPE-ZK,172,MB,0.6134,measured_pre_csv,"Hybrid PRE transforms only CT_k, so latency is payload-size independent; constant uses latest measured re_encrypt mean."
delegation_latency,SCAPE-ZK,173,MB,0.6134,measured_pre_csv,"Hybrid PRE transforms only CT_k, so latency is payload-size independent; constant uses latest measured re_encrypt mean."
delegation_latency,SCAPE-ZK,174,MB,0.6134,measured_pre_csv,"Hybrid PRE transforms only CT_k, so latency is payload-size independent; constant uses latest measured re_encrypt mean."
delegation_latency,SCAPE-ZK,175,MB,0.6134,measured_pre_csv,"Hybrid PRE transforms only CT_k, so latency is payload-size independent; constant uses latest measured re_encrypt mean."
delegation_latency,SCAPE-ZK,176,MB,0.6134,measured_pre_csv,"Hybrid PRE transforms only CT_k, so latency is payload-size independent; constant uses latest measured re_encrypt mean."
delegation_latency,SCAPE-ZK,177,MB,0.6134,measured_pre_csv,"Hybrid PRE transforms only CT_k, so latency is payload-size independent; constant uses latest measured re_encrypt mean."
delegation_latency,SCAPE-ZK,178,MB,0.6134,measured_pre_csv,"Hybrid PRE transforms only CT_k, so latency is payload-size independent; constant uses latest measured re_encrypt mean."
delegation_latency,SCAPE-ZK,179,MB,0.6134,measured_pre_csv,"Hybrid PRE transforms only CT_k, so latency is payload-size independent; constant uses latest measured re_encrypt mean."
delegation_latency,SCAPE-ZK,180,MB,0.6134,measured_pre_csv,"Hybrid PRE transforms only CT_k, so latency is payload-size independent; constant uses latest measured re_encrypt mean."
delegation_latency,SCAPE-ZK,181,MB,0.6134,measured_pre_csv,"Hybrid PRE transforms only CT_k, so latency is payload-size independent; constant uses latest measured re_encrypt mean."
delegation_latency,SCAPE-ZK,182,MB,0.6134,measured_pre_csv,"Hybrid PRE transforms only CT_k, so latency is payload-size independent; constant uses latest measured re_encrypt mean."
delegation_latency,SCAPE-ZK,183,MB,0.6134,measured_pre_csv,"Hybrid PRE transforms only CT_k, so latency is payload-size independent; constant uses latest measured re_encrypt mean."
delegation_latency,SCAPE-ZK,184,MB,0.6134,measured_pre_csv,"Hybrid PRE transforms only CT_k, so latency is payload-size independent; constant uses latest measured re_encrypt mean."
delegation_latency,SCAPE-ZK,185,MB,0.6134,measured_pre_csv,"Hybrid PRE transforms only CT_k, so latency is payload-size independent; constant uses latest measured re_encrypt mean."
delegation_latency,SCAPE-ZK,186,MB,0.6134,measured_pre_csv,"Hybrid PRE transforms only CT_k, so latency is payload-size independent; constant uses latest measured re_encrypt mean."
delegation_latency,SCAPE-ZK,187,MB,0.6134,measured_pre_csv,"Hybrid PRE transforms only CT_k, so latency is payload-size independent; constant uses latest measured re_encrypt mean."
delegation_latency,SCAPE-ZK,188,MB,0.6134,measured_pre_csv,"Hybrid PRE transforms only CT_k, so latency is payload-size independent; constant uses latest measured re_encrypt mean."
delegation_latency,SCAPE-ZK,189,MB,0.6134,measured_pre_csv,"Hybrid PRE transforms only CT_k, so latency is payload-size independent; constant uses latest measured re_encrypt mean."
delegation_latency,SCAPE-ZK,190,MB,0.6134,measured_pre_csv,"Hybrid PRE transforms only CT_k, so latency is payload-size independent; constant uses latest measured re_encrypt mean."
delegation_latency,SCAPE-ZK,191,MB,0.6134,measured_pre_csv,"Hybrid PRE transforms only CT_k, so latency is payload-size independent; constant uses latest measured re_encrypt mean."
delegation_latency,SCAPE-ZK,192,MB,0.6134,measured_pre_csv,"Hybrid PRE transforms only CT_k, so latency is payload-size independent; constant uses latest measured re_encrypt mean."
delegation_latency,SCAPE-ZK,193,MB,0.6134,measured_pre_csv,"Hybrid PRE transforms only CT_k, so latency is payload-size independent; constant uses latest measured re_encrypt mean."
delegation_latency,SCAPE-ZK,194,MB,0.6134,measured_pre_csv,"Hybrid PRE transforms only CT_k, so latency is payload-size independent; constant uses latest measured re_encrypt mean."
delegation_latency,SCAPE-ZK,195,MB,0.6134,measured_pre_csv,"Hybrid PRE transforms only CT_k, so latency is payload-size independent; constant uses latest measured re_encrypt mean."
delegation_latency,SCAPE-ZK,196,MB,0.6134,measured_pre_csv,"Hybrid PRE transforms only CT_k, so latency is payload-size independent; constant uses latest measured re_encrypt mean."
delegation_latency,SCAPE-ZK,197,MB,0.6134,measured_pre_csv,"Hybrid PRE transforms only CT_k, so latency is payload-size independent; constant uses latest measured re_encrypt mean."
delegation_latency,SCAPE-ZK,198,MB,0.6134,measured_pre_csv,"Hybrid PRE transforms only CT_k, so latency is payload-size independent; constant uses latest measured re_encrypt mean."
delegation_latency,SCAPE-ZK,199,MB,0.6134,measured_pre_csv,"Hybrid PRE transforms only CT_k, so latency is payload-size independent; constant uses latest measured re_encrypt mean."
delegation_latency,SCAPE-ZK,200,MB,0.6134,measured_pre_csv,"Hybrid PRE transforms only CT_k, so latency is payload-size independent; constant uses latest measured re_encrypt mean."
delegation_latency,Traditional Re-encryption,1,MB,10.0,user_linear_model,"Owner must download, decrypt, and re-encrypt the full payload: 10 ms per MB."
delegation_latency,Traditional Re-encryption,2,MB,20.0,user_linear_model,"Owner must download, decrypt, and re-encrypt the full payload: 10 ms per MB."
delegation_latency,Traditional Re-encryption,3,MB,30.0,user_linear_model,"Owner must download, decrypt, and re-encrypt the full payload: 10 ms per MB."
delegation_latency,Traditional Re-encryption,4,MB,40.0,user_linear_model,"Owner must download, decrypt, and re-encrypt the full payload: 10 ms per MB."
delegation_latency,Traditional Re-encryption,5,MB,50.0,user_linear_model,"Owner must download, decrypt, and re-encrypt the full payload: 10 ms per MB."
delegation_latency,Traditional Re-encryption,6,MB,60.0,user_linear_model,"Owner must download, decrypt, and re-encrypt the full payload: 10 ms per MB."
delegation_latency,Traditional Re-encryption,7,MB,70.0,user_linear_model,"Owner must download, decrypt, and re-encrypt the full payload: 10 ms per MB."
delegation_latency,Traditional Re-encryption,8,MB,80.0,user_linear_model,"Owner must download, decrypt, and re-encrypt the full payload: 10 ms per MB."
delegation_latency,Traditional Re-encryption,9,MB,90.0,user_linear_model,"Owner must download, decrypt, and re-encrypt the full payload: 10 ms per MB."
delegation_latency,Traditional Re-encryption,10,MB,100.0,user_linear_model,"Owner must download, decrypt, and re-encrypt the full payload: 10 ms per MB."
delegation_latency,Traditional Re-encryption,11,MB,110.0,user_linear_model,"Owner must download, decrypt, and re-encrypt the full payload: 10 ms per MB."
delegation_latency,Traditional Re-encryption,12,MB,120.0,user_linear_model,"Owner must download, decrypt, and re-encrypt the full payload: 10 ms per MB."
delegation_latency,Traditional Re-encryption,13,MB,130.0,user_linear_model,"Owner must download, decrypt, and re-encrypt the full payload: 10 ms per MB."
delegation_latency,Traditional Re-encryption,14,MB,140.0,user_linear_model,"Owner must download, decrypt, and re-encrypt the full payload: 10 ms per MB."
delegation_latency,Traditional Re-encryption,15,MB,150.0,user_linear_model,"Owner must download, decrypt, and re-encrypt the full payload: 10 ms per MB."
delegation_latency,Traditional Re-encryption,16,MB,160.0,user_linear_model,"Owner must download, decrypt, and re-encrypt the full payload: 10 ms per MB."
delegation_latency,Traditional Re-encryption,17,MB,170.0,user_linear_model,"Owner must download, decrypt, and re-encrypt the full payload: 10 ms per MB."
delegation_latency,Traditional Re-encryption,18,MB,180.0,user_linear_model,"Owner must download, decrypt, and re-encrypt the full payload: 10 ms per MB."
delegation_latency,Traditional Re-encryption,19,MB,190.0,user_linear_model,"Owner must download, decrypt, and re-encrypt the full payload: 10 ms per MB."
delegation_latency,Traditional Re-encryption,20,MB,200.0,user_linear_model,"Owner must download, decrypt, and re-encrypt the full payload: 10 ms per MB."
delegation_latency,Traditional Re-encryption,21,MB,210.0,user_linear_model,"Owner must download, decrypt, and re-encrypt the full payload: 10 ms per MB."
delegation_latency,Traditional Re-encryption,22,MB,220.0,user_linear_model,"Owner must download, decrypt, and re-encrypt the full payload: 10 ms per MB."
delegation_latency,Traditional Re-encryption,23,MB,230.0,user_linear_model,"Owner must download, decrypt, and re-encrypt the full payload: 10 ms per MB."
delegation_latency,Traditional Re-encryption,24,MB,240.0,user_linear_model,"Owner must download, decrypt, and re-encrypt the full payload: 10 ms per MB."
delegation_latency,Traditional Re-encryption,25,MB,250.0,user_linear_model,"Owner must download, decrypt, and re-encrypt the full payload: 10 ms per MB."
delegation_latency,Traditional Re-encryption,26,MB,260.0,user_linear_model,"Owner must download, decrypt, and re-encrypt the full payload: 10 ms per MB."
delegation_latency,Traditional Re-encryption,27,MB,270.0,user_linear_model,"Owner must download, decrypt, and re-encrypt the full payload: 10 ms per MB."
delegation_latency,Traditional Re-encryption,28,MB,280.0,user_linear_model,"Owner must download, decrypt, and re-encrypt the full payload: 10 ms per MB."
delegation_latency,Traditional Re-encryption,29,MB,290.0,user_linear_model,"Owner must download, decrypt, and re-encrypt the full payload: 10 ms per MB."
delegation_latency,Traditional Re-encryption,30,MB,300.0,user_linear_model,"Owner must download, decrypt, and re-encrypt the full payload: 10 ms per MB."
delegation_latency,Traditional Re-encryption,31,MB,310.0,user_linear_model,"Owner must download, decrypt, and re-encrypt the full payload: 10 ms per MB."
delegation_latency,Traditional Re-encryption,32,MB,320.0,user_linear_model,"Owner must download, decrypt, and re-encrypt the full payload: 10 ms per MB."
delegation_latency,Traditional Re-encryption,33,MB,330.0,user_linear_model,"Owner must download, decrypt, and re-encrypt the full payload: 10 ms per MB."
delegation_latency,Traditional Re-encryption,34,MB,340.0,user_linear_model,"Owner must download, decrypt, and re-encrypt the full payload: 10 ms per MB."
delegation_latency,Traditional Re-encryption,35,MB,350.0,user_linear_model,"Owner must download, decrypt, and re-encrypt the full payload: 10 ms per MB."
delegation_latency,Traditional Re-encryption,36,MB,360.0,user_linear_model,"Owner must download, decrypt, and re-encrypt the full payload: 10 ms per MB."
delegation_latency,Traditional Re-encryption,37,MB,370.0,user_linear_model,"Owner must download, decrypt, and re-encrypt the full payload: 10 ms per MB."
delegation_latency,Traditional Re-encryption,38,MB,380.0,user_linear_model,"Owner must download, decrypt, and re-encrypt the full payload: 10 ms per MB."
delegation_latency,Traditional Re-encryption,39,MB,390.0,user_linear_model,"Owner must download, decrypt, and re-encrypt the full payload: 10 ms per MB."
delegation_latency,Traditional Re-encryption,40,MB,400.0,user_linear_model,"Owner must download, decrypt, and re-encrypt the full payload: 10 ms per MB."
delegation_latency,Traditional Re-encryption,41,MB,410.0,user_linear_model,"Owner must download, decrypt, and re-encrypt the full payload: 10 ms per MB."
delegation_latency,Traditional Re-encryption,42,MB,420.0,user_linear_model,"Owner must download, decrypt, and re-encrypt the full payload: 10 ms per MB."
delegation_latency,Traditional Re-encryption,43,MB,430.0,user_linear_model,"Owner must download, decrypt, and re-encrypt the full payload: 10 ms per MB."
delegation_latency,Traditional Re-encryption,44,MB,440.0,user_linear_model,"Owner must download, decrypt, and re-encrypt the full payload: 10 ms per MB."
delegation_latency,Traditional Re-encryption,45,MB,450.0,user_linear_model,"Owner must download, decrypt, and re-encrypt the full payload: 10 ms per MB."
delegation_latency,Traditional Re-encryption,46,MB,460.0,user_linear_model,"Owner must download, decrypt, and re-encrypt the full payload: 10 ms per MB."
delegation_latency,Traditional Re-encryption,47,MB,470.0,user_linear_model,"Owner must download, decrypt, and re-encrypt the full payload: 10 ms per MB."
delegation_latency,Traditional Re-encryption,48,MB,480.0,user_linear_model,"Owner must download, decrypt, and re-encrypt the full payload: 10 ms per MB."
delegation_latency,Traditional Re-encryption,49,MB,490.0,user_linear_model,"Owner must download, decrypt, and re-encrypt the full payload: 10 ms per MB."
delegation_latency,Traditional Re-encryption,50,MB,500.0,user_linear_model,"Owner must download, decrypt, and re-encrypt the full payload: 10 ms per MB."
delegation_latency,Traditional Re-encryption,51,MB,510.0,user_linear_model,"Owner must download, decrypt, and re-encrypt the full payload: 10 ms per MB."
delegation_latency,Traditional Re-encryption,52,MB,520.0,user_linear_model,"Owner must download, decrypt, and re-encrypt the full payload: 10 ms per MB."
delegation_latency,Traditional Re-encryption,53,MB,530.0,user_linear_model,"Owner must download, decrypt, and re-encrypt the full payload: 10 ms per MB."
delegation_latency,Traditional Re-encryption,54,MB,540.0,user_linear_model,"Owner must download, decrypt, and re-encrypt the full payload: 10 ms per MB."
delegation_latency,Traditional Re-encryption,55,MB,550.0,user_linear_model,"Owner must download, decrypt, and re-encrypt the full payload: 10 ms per MB."
delegation_latency,Traditional Re-encryption,56,MB,560.0,user_linear_model,"Owner must download, decrypt, and re-encrypt the full payload: 10 ms per MB."
delegation_latency,Traditional Re-encryption,57,MB,570.0,user_linear_model,"Owner must download, decrypt, and re-encrypt the full payload: 10 ms per MB."
delegation_latency,Traditional Re-encryption,58,MB,580.0,user_linear_model,"Owner must download, decrypt, and re-encrypt the full payload: 10 ms per MB."
delegation_latency,Traditional Re-encryption,59,MB,590.0,user_linear_model,"Owner must download, decrypt, and re-encrypt the full payload: 10 ms per MB."
delegation_latency,Traditional Re-encryption,60,MB,600.0,user_linear_model,"Owner must download, decrypt, and re-encrypt the full payload: 10 ms per MB."
delegation_latency,Traditional Re-encryption,61,MB,610.0,user_linear_model,"Owner must download, decrypt, and re-encrypt the full payload: 10 ms per MB."
delegation_latency,Traditional Re-encryption,62,MB,620.0,user_linear_model,"Owner must download, decrypt, and re-encrypt the full payload: 10 ms per MB."
delegation_latency,Traditional Re-encryption,63,MB,630.0,user_linear_model,"Owner must download, decrypt, and re-encrypt the full payload: 10 ms per MB."
delegation_latency,Traditional Re-encryption,64,MB,640.0,user_linear_model,"Owner must download, decrypt, and re-encrypt the full payload: 10 ms per MB."
delegation_latency,Traditional Re-encryption,65,MB,650.0,user_linear_model,"Owner must download, decrypt, and re-encrypt the full payload: 10 ms per MB."
delegation_latency,Traditional Re-encryption,66,MB,660.0,user_linear_model,"Owner must download, decrypt, and re-encrypt the full payload: 10 ms per MB."
delegation_latency,Traditional Re-encryption,67,MB,670.0,user_linear_model,"Owner must download, decrypt, and re-encrypt the full payload: 10 ms per MB."
delegation_latency,Traditional Re-encryption,68,MB,680.0,user_linear_model,"Owner must download, decrypt, and re-encrypt the full payload: 10 ms per MB."
delegation_latency,Traditional Re-encryption,69,MB,690.0,user_linear_model,"Owner must download, decrypt, and re-encrypt the full payload: 10 ms per MB."
delegation_latency,Traditional Re-encryption,70,MB,700.0,user_linear_model,"Owner must download, decrypt, and re-encrypt the full payload: 10 ms per MB."
delegation_latency,Traditional Re-encryption,71,MB,710.0,user_linear_model,"Owner must download, decrypt, and re-encrypt the full payload: 10 ms per MB."
delegation_latency,Traditional Re-encryption,72,MB,720.0,user_linear_model,"Owner must download, decrypt, and re-encrypt the full payload: 10 ms per MB."
delegation_latency,Traditional Re-encryption,73,MB,730.0,user_linear_model,"Owner must download, decrypt, and re-encrypt the full payload: 10 ms per MB."
delegation_latency,Traditional Re-encryption,74,MB,740.0,user_linear_model,"Owner must download, decrypt, and re-encrypt the full payload: 10 ms per MB."
delegation_latency,Traditional Re-encryption,75,MB,750.0,user_linear_model,"Owner must download, decrypt, and re-encrypt the full payload: 10 ms per MB."
delegation_latency,Traditional Re-encryption,76,MB,760.0,user_linear_model,"Owner must download, decrypt, and re-encrypt the full payload: 10 ms per MB."
delegation_latency,Traditional Re-encryption,77,MB,770.0,user_linear_model,"Owner must download, decrypt, and re-encrypt the full payload: 10 ms per MB."
delegation_latency,Traditional Re-encryption,78,MB,780.0,user_linear_model,"Owner must download, decrypt, and re-encrypt the full payload: 10 ms per MB."
delegation_latency,Traditional Re-encryption,79,MB,790.0,user_linear_model,"Owner must download, decrypt, and re-encrypt the full payload: 10 ms per MB."
delegation_latency,Traditional Re-encryption,80,MB,800.0,user_linear_model,"Owner must download, decrypt, and re-encrypt the full payload: 10 ms per MB."
delegation_latency,Traditional Re-encryption,81,MB,810.0,user_linear_model,"Owner must download, decrypt, and re-encrypt the full payload: 10 ms per MB."
delegation_latency,Traditional Re-encryption,82,MB,820.0,user_linear_model,"Owner must download, decrypt, and re-encrypt the full payload: 10 ms per MB."
delegation_latency,Traditional Re-encryption,83,MB,830.0,user_linear_model,"Owner must download, decrypt, and re-encrypt the full payload: 10 ms per MB."
delegation_latency,Traditional Re-encryption,84,MB,840.0,user_linear_model,"Owner must download, decrypt, and re-encrypt the full payload: 10 ms per MB."
delegation_latency,Traditional Re-encryption,85,MB,850.0,user_linear_model,"Owner must download, decrypt, and re-encrypt the full payload: 10 ms per MB."
delegation_latency,Traditional Re-encryption,86,MB,860.0,user_linear_model,"Owner must download, decrypt, and re-encrypt the full payload: 10 ms per MB."
delegation_latency,Traditional Re-encryption,87,MB,870.0,user_linear_model,"Owner must download, decrypt, and re-encrypt the full payload: 10 ms per MB."
delegation_latency,Traditional Re-encryption,88,MB,880.0,user_linear_model,"Owner must download, decrypt, and re-encrypt the full payload: 10 ms per MB."
delegation_latency,Traditional Re-encryption,89,MB,890.0,user_linear_model,"Owner must download, decrypt, and re-encrypt the full payload: 10 ms per MB."
delegation_latency,Traditional Re-encryption,90,MB,900.0,user_linear_model,"Owner must download, decrypt, and re-encrypt the full payload: 10 ms per MB."
delegation_latency,Traditional Re-encryption,91,MB,910.0,user_linear_model,"Owner must download, decrypt, and re-encrypt the full payload: 10 ms per MB."
delegation_latency,Traditional Re-encryption,92,MB,920.0,user_linear_model,"Owner must download, decrypt, and re-encrypt the full payload: 10 ms per MB."
delegation_latency,Traditional Re-encryption,93,MB,930.0,user_linear_model,"Owner must download, decrypt, and re-encrypt the full payload: 10 ms per MB."
delegation_latency,Traditional Re-encryption,94,MB,940.0,user_linear_model,"Owner must download, decrypt, and re-encrypt the full payload: 10 ms per MB."
delegation_latency,Traditional Re-encryption,95,MB,950.0,user_linear_model,"Owner must download, decrypt, and re-encrypt the full payload: 10 ms per MB."
delegation_latency,Traditional Re-encryption,96,MB,960.0,user_linear_model,"Owner must download, decrypt, and re-encrypt the full payload: 10 ms per MB."
delegation_latency,Traditional Re-encryption,97,MB,970.0,user_linear_model,"Owner must download, decrypt, and re-encrypt the full payload: 10 ms per MB."
delegation_latency,Traditional Re-encryption,98,MB,980.0,user_linear_model,"Owner must download, decrypt, and re-encrypt the full payload: 10 ms per MB."
delegation_latency,Traditional Re-encryption,99,MB,990.0,user_linear_model,"Owner must download, decrypt, and re-encrypt the full payload: 10 ms per MB."
delegation_latency,Traditional Re-encryption,100,MB,1000.0,user_linear_model,"Owner must download, decrypt, and re-encrypt the full payload: 10 ms per MB."
delegation_latency,Traditional Re-encryption,101,MB,1010.0,user_linear_model,"Owner must download, decrypt, and re-encrypt the full payload: 10 ms per MB."
delegation_latency,Traditional Re-encryption,102,MB,1020.0,user_linear_model,"Owner must download, decrypt, and re-encrypt the full payload: 10 ms per MB."
delegation_latency,Traditional Re-encryption,103,MB,1030.0,user_linear_model,"Owner must download, decrypt, and re-encrypt the full payload: 10 ms per MB."
delegation_latency,Traditional Re-encryption,104,MB,1040.0,user_linear_model,"Owner must download, decrypt, and re-encrypt the full payload: 10 ms per MB."
delegation_latency,Traditional Re-encryption,105,MB,1050.0,user_linear_model,"Owner must download, decrypt, and re-encrypt the full payload: 10 ms per MB."
delegation_latency,Traditional Re-encryption,106,MB,1060.0,user_linear_model,"Owner must download, decrypt, and re-encrypt the full payload: 10 ms per MB."
delegation_latency,Traditional Re-encryption,107,MB,1070.0,user_linear_model,"Owner must download, decrypt, and re-encrypt the full payload: 10 ms per MB."
delegation_latency,Traditional Re-encryption,108,MB,1080.0,user_linear_model,"Owner must download, decrypt, and re-encrypt the full payload: 10 ms per MB."
delegation_latency,Traditional Re-encryption,109,MB,1090.0,user_linear_model,"Owner must download, decrypt, and re-encrypt the full payload: 10 ms per MB."
delegation_latency,Traditional Re-encryption,110,MB,1100.0,user_linear_model,"Owner must download, decrypt, and re-encrypt the full payload: 10 ms per MB."
delegation_latency,Traditional Re-encryption,111,MB,1110.0,user_linear_model,"Owner must download, decrypt, and re-encrypt the full payload: 10 ms per MB."
delegation_latency,Traditional Re-encryption,112,MB,1120.0,user_linear_model,"Owner must download, decrypt, and re-encrypt the full payload: 10 ms per MB."
delegation_latency,Traditional Re-encryption,113,MB,1130.0,user_linear_model,"Owner must download, decrypt, and re-encrypt the full payload: 10 ms per MB."
delegation_latency,Traditional Re-encryption,114,MB,1140.0,user_linear_model,"Owner must download, decrypt, and re-encrypt the full payload: 10 ms per MB."
delegation_latency,Traditional Re-encryption,115,MB,1150.0,user_linear_model,"Owner must download, decrypt, and re-encrypt the full payload: 10 ms per MB."
delegation_latency,Traditional Re-encryption,116,MB,1160.0,user_linear_model,"Owner must download, decrypt, and re-encrypt the full payload: 10 ms per MB."
delegation_latency,Traditional Re-encryption,117,MB,1170.0,user_linear_model,"Owner must download, decrypt, and re-encrypt the full payload: 10 ms per MB."
delegation_latency,Traditional Re-encryption,118,MB,1180.0,user_linear_model,"Owner must download, decrypt, and re-encrypt the full payload: 10 ms per MB."
delegation_latency,Traditional Re-encryption,119,MB,1190.0,user_linear_model,"Owner must download, decrypt, and re-encrypt the full payload: 10 ms per MB."
delegation_latency,Traditional Re-encryption,120,MB,1200.0,user_linear_model,"Owner must download, decrypt, and re-encrypt the full payload: 10 ms per MB."
delegation_latency,Traditional Re-encryption,121,MB,1210.0,user_linear_model,"Owner must download, decrypt, and re-encrypt the full payload: 10 ms per MB."
delegation_latency,Traditional Re-encryption,122,MB,1220.0,user_linear_model,"Owner must download, decrypt, and re-encrypt the full payload: 10 ms per MB."
delegation_latency,Traditional Re-encryption,123,MB,1230.0,user_linear_model,"Owner must download, decrypt, and re-encrypt the full payload: 10 ms per MB."
delegation_latency,Traditional Re-encryption,124,MB,1240.0,user_linear_model,"Owner must download, decrypt, and re-encrypt the full payload: 10 ms per MB."
delegation_latency,Traditional Re-encryption,125,MB,1250.0,user_linear_model,"Owner must download, decrypt, and re-encrypt the full payload: 10 ms per MB."
delegation_latency,Traditional Re-encryption,126,MB,1260.0,user_linear_model,"Owner must download, decrypt, and re-encrypt the full payload: 10 ms per MB."
delegation_latency,Traditional Re-encryption,127,MB,1270.0,user_linear_model,"Owner must download, decrypt, and re-encrypt the full payload: 10 ms per MB."
delegation_latency,Traditional Re-encryption,128,MB,1280.0,user_linear_model,"Owner must download, decrypt, and re-encrypt the full payload: 10 ms per MB."
delegation_latency,Traditional Re-encryption,129,MB,1290.0,user_linear_model,"Owner must download, decrypt, and re-encrypt the full payload: 10 ms per MB."
delegation_latency,Traditional Re-encryption,130,MB,1300.0,user_linear_model,"Owner must download, decrypt, and re-encrypt the full payload: 10 ms per MB."
delegation_latency,Traditional Re-encryption,131,MB,1310.0,user_linear_model,"Owner must download, decrypt, and re-encrypt the full payload: 10 ms per MB."
delegation_latency,Traditional Re-encryption,132,MB,1320.0,user_linear_model,"Owner must download, decrypt, and re-encrypt the full payload: 10 ms per MB."
delegation_latency,Traditional Re-encryption,133,MB,1330.0,user_linear_model,"Owner must download, decrypt, and re-encrypt the full payload: 10 ms per MB."
delegation_latency,Traditional Re-encryption,134,MB,1340.0,user_linear_model,"Owner must download, decrypt, and re-encrypt the full payload: 10 ms per MB."
delegation_latency,Traditional Re-encryption,135,MB,1350.0,user_linear_model,"Owner must download, decrypt, and re-encrypt the full payload: 10 ms per MB."
delegation_latency,Traditional Re-encryption,136,MB,1360.0,user_linear_model,"Owner must download, decrypt, and re-encrypt the full payload: 10 ms per MB."
delegation_latency,Traditional Re-encryption,137,MB,1370.0,user_linear_model,"Owner must download, decrypt, and re-encrypt the full payload: 10 ms per MB."
delegation_latency,Traditional Re-encryption,138,MB,1380.0,user_linear_model,"Owner must download, decrypt, and re-encrypt the full payload: 10 ms per MB."
delegation_latency,Traditional Re-encryption,139,MB,1390.0,user_linear_model,"Owner must download, decrypt, and re-encrypt the full payload: 10 ms per MB."
delegation_latency,Traditional Re-encryption,140,MB,1400.0,user_linear_model,"Owner must download, decrypt, and re-encrypt the full payload: 10 ms per MB."
delegation_latency,Traditional Re-encryption,141,MB,1410.0,user_linear_model,"Owner must download, decrypt, and re-encrypt the full payload: 10 ms per MB."
delegation_latency,Traditional Re-encryption,142,MB,1420.0,user_linear_model,"Owner must download, decrypt, and re-encrypt the full payload: 10 ms per MB."
delegation_latency,Traditional Re-encryption,143,MB,1430.0,user_linear_model,"Owner must download, decrypt, and re-encrypt the full payload: 10 ms per MB."
delegation_latency,Traditional Re-encryption,144,MB,1440.0,user_linear_model,"Owner must download, decrypt, and re-encrypt the full payload: 10 ms per MB."
delegation_latency,Traditional Re-encryption,145,MB,1450.0,user_linear_model,"Owner must download, decrypt, and re-encrypt the full payload: 10 ms per MB."
delegation_latency,Traditional Re-encryption,146,MB,1460.0,user_linear_model,"Owner must download, decrypt, and re-encrypt the full payload: 10 ms per MB."
delegation_latency,Traditional Re-encryption,147,MB,1470.0,user_linear_model,"Owner must download, decrypt, and re-encrypt the full payload: 10 ms per MB."
delegation_latency,Traditional Re-encryption,148,MB,1480.0,user_linear_model,"Owner must download, decrypt, and re-encrypt the full payload: 10 ms per MB."
delegation_latency,Traditional Re-encryption,149,MB,1490.0,user_linear_model,"Owner must download, decrypt, and re-encrypt the full payload: 10 ms per MB."
delegation_latency,Traditional Re-encryption,150,MB,1500.0,user_linear_model,"Owner must download, decrypt, and re-encrypt the full payload: 10 ms per MB."
delegation_latency,Traditional Re-encryption,151,MB,1510.0,user_linear_model,"Owner must download, decrypt, and re-encrypt the full payload: 10 ms per MB."
delegation_latency,Traditional Re-encryption,152,MB,1520.0,user_linear_model,"Owner must download, decrypt, and re-encrypt the full payload: 10 ms per MB."
delegation_latency,Traditional Re-encryption,153,MB,1530.0,user_linear_model,"Owner must download, decrypt, and re-encrypt the full payload: 10 ms per MB."
delegation_latency,Traditional Re-encryption,154,MB,1540.0,user_linear_model,"Owner must download, decrypt, and re-encrypt the full payload: 10 ms per MB."
delegation_latency,Traditional Re-encryption,155,MB,1550.0,user_linear_model,"Owner must download, decrypt, and re-encrypt the full payload: 10 ms per MB."
delegation_latency,Traditional Re-encryption,156,MB,1560.0,user_linear_model,"Owner must download, decrypt, and re-encrypt the full payload: 10 ms per MB."
delegation_latency,Traditional Re-encryption,157,MB,1570.0,user_linear_model,"Owner must download, decrypt, and re-encrypt the full payload: 10 ms per MB."
delegation_latency,Traditional Re-encryption,158,MB,1580.0,user_linear_model,"Owner must download, decrypt, and re-encrypt the full payload: 10 ms per MB."
delegation_latency,Traditional Re-encryption,159,MB,1590.0,user_linear_model,"Owner must download, decrypt, and re-encrypt the full payload: 10 ms per MB."
delegation_latency,Traditional Re-encryption,160,MB,1600.0,user_linear_model,"Owner must download, decrypt, and re-encrypt the full payload: 10 ms per MB."
delegation_latency,Traditional Re-encryption,161,MB,1610.0,user_linear_model,"Owner must download, decrypt, and re-encrypt the full payload: 10 ms per MB."
delegation_latency,Traditional Re-encryption,162,MB,1620.0,user_linear_model,"Owner must download, decrypt, and re-encrypt the full payload: 10 ms per MB."
delegation_latency,Traditional Re-encryption,163,MB,1630.0,user_linear_model,"Owner must download, decrypt, and re-encrypt the full payload: 10 ms per MB."
delegation_latency,Traditional Re-encryption,164,MB,1640.0,user_linear_model,"Owner must download, decrypt, and re-encrypt the full payload: 10 ms per MB."
delegation_latency,Traditional Re-encryption,165,MB,1650.0,user_linear_model,"Owner must download, decrypt, and re-encrypt the full payload: 10 ms per MB."
delegation_latency,Traditional Re-encryption,166,MB,1660.0,user_linear_model,"Owner must download, decrypt, and re-encrypt the full payload: 10 ms per MB."
delegation_latency,Traditional Re-encryption,167,MB,1670.0,user_linear_model,"Owner must download, decrypt, and re-encrypt the full payload: 10 ms per MB."
delegation_latency,Traditional Re-encryption,168,MB,1680.0,user_linear_model,"Owner must download, decrypt, and re-encrypt the full payload: 10 ms per MB."
delegation_latency,Traditional Re-encryption,169,MB,1690.0,user_linear_model,"Owner must download, decrypt, and re-encrypt the full payload: 10 ms per MB."
delegation_latency,Traditional Re-encryption,170,MB,1700.0,user_linear_model,"Owner must download, decrypt, and re-encrypt the full payload: 10 ms per MB."
delegation_latency,Traditional Re-encryption,171,MB,1710.0,user_linear_model,"Owner must download, decrypt, and re-encrypt the full payload: 10 ms per MB."
delegation_latency,Traditional Re-encryption,172,MB,1720.0,user_linear_model,"Owner must download, decrypt, and re-encrypt the full payload: 10 ms per MB."
delegation_latency,Traditional Re-encryption,173,MB,1730.0,user_linear_model,"Owner must download, decrypt, and re-encrypt the full payload: 10 ms per MB."
delegation_latency,Traditional Re-encryption,174,MB,1740.0,user_linear_model,"Owner must download, decrypt, and re-encrypt the full payload: 10 ms per MB."
delegation_latency,Traditional Re-encryption,175,MB,1750.0,user_linear_model,"Owner must download, decrypt, and re-encrypt the full payload: 10 ms per MB."
delegation_latency,Traditional Re-encryption,176,MB,1760.0,user_linear_model,"Owner must download, decrypt, and re-encrypt the full payload: 10 ms per MB."
delegation_latency,Traditional Re-encryption,177,MB,1770.0,user_linear_model,"Owner must download, decrypt, and re-encrypt the full payload: 10 ms per MB."
delegation_latency,Traditional Re-encryption,178,MB,1780.0,user_linear_model,"Owner must download, decrypt, and re-encrypt the full payload: 10 ms per MB."
delegation_latency,Traditional Re-encryption,179,MB,1790.0,user_linear_model,"Owner must download, decrypt, and re-encrypt the full payload: 10 ms per MB."
delegation_latency,Traditional Re-encryption,180,MB,1800.0,user_linear_model,"Owner must download, decrypt, and re-encrypt the full payload: 10 ms per MB."
delegation_latency,Traditional Re-encryption,181,MB,1810.0,user_linear_model,"Owner must download, decrypt, and re-encrypt the full payload: 10 ms per MB."
delegation_latency,Traditional Re-encryption,182,MB,1820.0,user_linear_model,"Owner must download, decrypt, and re-encrypt the full payload: 10 ms per MB."
delegation_latency,Traditional Re-encryption,183,MB,1830.0,user_linear_model,"Owner must download, decrypt, and re-encrypt the full payload: 10 ms per MB."
delegation_latency,Traditional Re-encryption,184,MB,1840.0,user_linear_model,"Owner must download, decrypt, and re-encrypt the full payload: 10 ms per MB."
delegation_latency,Traditional Re-encryption,185,MB,1850.0,user_linear_model,"Owner must download, decrypt, and re-encrypt the full payload: 10 ms per MB."
delegation_latency,Traditional Re-encryption,186,MB,1860.0,user_linear_model,"Owner must download, decrypt, and re-encrypt the full payload: 10 ms per MB."
delegation_latency,Traditional Re-encryption,187,MB,1870.0,user_linear_model,"Owner must download, decrypt, and re-encrypt the full payload: 10 ms per MB."
delegation_latency,Traditional Re-encryption,188,MB,1880.0,user_linear_model,"Owner must download, decrypt, and re-encrypt the full payload: 10 ms per MB."
delegation_latency,Traditional Re-encryption,189,MB,1890.0,user_linear_model,"Owner must download, decrypt, and re-encrypt the full payload: 10 ms per MB."
delegation_latency,Traditional Re-encryption,190,MB,1900.0,user_linear_model,"Owner must download, decrypt, and re-encrypt the full payload: 10 ms per MB."
delegation_latency,Traditional Re-encryption,191,MB,1910.0,user_linear_model,"Owner must download, decrypt, and re-encrypt the full payload: 10 ms per MB."
delegation_latency,Traditional Re-encryption,192,MB,1920.0,user_linear_model,"Owner must download, decrypt, and re-encrypt the full payload: 10 ms per MB."
delegation_latency,Traditional Re-encryption,193,MB,1930.0,user_linear_model,"Owner must download, decrypt, and re-encrypt the full payload: 10 ms per MB."
delegation_latency,Traditional Re-encryption,194,MB,1940.0,user_linear_model,"Owner must download, decrypt, and re-encrypt the full payload: 10 ms per MB."
delegation_latency,Traditional Re-encryption,195,MB,1950.0,user_linear_model,"Owner must download, decrypt, and re-encrypt the full payload: 10 ms per MB."
delegation_latency,Traditional Re-encryption,196,MB,1960.0,user_linear_model,"Owner must download, decrypt, and re-encrypt the full payload: 10 ms per MB."
delegation_latency,Traditional Re-encryption,197,MB,1970.0,user_linear_model,"Owner must download, decrypt, and re-encrypt the full payload: 10 ms per MB."
delegation_latency,Traditional Re-encryption,198,MB,1980.0,user_linear_model,"Owner must download, decrypt, and re-encrypt the full payload: 10 ms per MB."
delegation_latency,Traditional Re-encryption,199,MB,1990.0,user_linear_model,"Owner must download, decrypt, and re-encrypt the full payload: 10 ms per MB."
delegation_latency,Traditional Re-encryption,200,MB,2000.0,user_linear_model,"Owner must download, decrypt, and re-encrypt the full payload: 10 ms per MB."
